index,cate,disease_name,description,Possible_steps,image_url,cate_img
0,Apple,Bệnh ghẻ,Bệnh ghẻ táo là bệnh phổ biến nhất của cây táo và cua ở Minnesota. Bệnh ghẻ là do một loại nấm lây nhiễm cả lá và quả. Trái cây ghẻ thường không phù hợp để ăn. Lá bị nhiễm bệnh có đốm màu xanh ô liu đến nâu. Lá có nhiều đốm lá chuyển sang màu vàng và rụng sớm. Mất lá làm suy yếu cây khi nó xảy ra nhiều năm liên tiếp. Trồng các giống kháng bệnh là cách tốt nhất để kiểm soát bệnh ghẻ.,"Chọn giống kháng bệnh khi có thể. Cào dưới tán cây và tiêu hủy lá bị nhiễm bệnh để giảm số lượng bào tử nấm có sẵn để bắt đầu chu kỳ bệnh trở lại vào mùa xuân tới. Tưới nước vào buổi tối hoặc sáng sớm (tránh tưới trên cao) để lá có thời gian khô trước khi nhiễm trùng có thể xảy ra. Trải một lớp phân ủ từ 3 đến 6 inch dưới tán cây, giữ nó cách xa thân cây, để che phủ đất và ngăn chặn sự phát tán của bào tử nấm. Để kiểm soát tốt nhất, hãy phun xà phòng đồng lỏng sớm, hai tuần trước khi các triệu chứng thường xuất hiện. Ngoài ra, bắt đầu sử dụng khi bệnh xuất hiện lần đầu tiên và lặp lại trong khoảng thời gian 7 đến 10 ngày cho đến khi hoa rơi.",https://extension.umn.edu/sites/extension.umn.edu/files/apple-scab-1.jpg,https://i.imgur.com/fw2v28W.png
1,Apple,Thối đen,"Các triệu chứng lá đầu tiên xảy ra vào đầu mùa xuân khi lá đang mở ra. Chúng xuất hiện dưới dạng các đốm nhỏ, màu tím ở mặt trên của lá lan rộng thành các tổn thương tròn có đường kính từ 1/8 đến 1/4 inch (3-6 mm). Rìa của các tổn thương vẫn có màu tím, trong khi trung tâm chuyển sang màu nâu sang màu nâu. Trong một vài tuần, sự mở rộng thứ cấp của các đốm lá này xảy ra. Lá bị nhiễm bệnh nặng trở nên úa vàng và rụng lá xảy ra. Khi khu vực mục nát mở rộng, một loạt các dải đồng tâm có chiều rộng đồng đều hình thành xen kẽ màu từ đen sang nâu. Thịt của khu vực mục nát vẫn cứng và có da. Pycnidia đen thường được nhìn thấy trên bề mặt của quả bị nhiễm bệnh.","Loại bỏ các thối rữa bằng cách cắt tỉa ít nhất 15 inch dưới đầu và đốt hoặc chôn chúng. Ngoài ra, hãy chăm sóc phòng ngừa bằng cách cắt tỉa mùa mới và đốt chúng. Bạn nên cắt tỉa trong mùa ngủ đông. Điều này sẽ giảm thiểu tỷ lệ bệnh bạc lá sẽ lây nhiễm vào cây của bạn và tạo ra mô chết có thể dễ dàng bị nhiễm Botryosphaeria.Bạn cũng nên đề phòng nếu vỏ cây bị hư hại do mưa đá, hoặc cành cây bị gãy trong cơn bão. Sử dụng thuốc diệt nấm gốc đồng sẽ bảo vệ chống lại cả bệnh thối đen và bệnh bạc lá.",https://ipm.missouri.edu/meg/2020/6/blackRotApple-MW/blackRotLesionsApple.jpg,
2,Apple,Rỉ sét tuyết tùng,"Bệnh gỉ sắt táo tuyết tùng (Gymnosporangium juniperi-virginianae) là một bệnh nấm đòi hỏi cây bách xù phải hoàn thành vòng đời hai năm phức tạp của nó. Các bào tử đan xen như một túi mật màu nâu đỏ trên cành cây non của các loài cây bách xù khác nhau. Vào đầu mùa xuân, trong thời tiết ẩm ướt, những túi mật này phồng lên và những khối bào tử màu cam sáng bị gió thổi, nơi chúng lây nhiễm vào những cây táo và táo cua nhạy cảm. Các bào tử phát triển trên những cây này sẽ chỉ lây nhiễm cho cây bách xù vào năm sau. Từ năm này sang năm khác, bệnh phải truyền từ cây bách xù sang táo sang cây bách xù một lần nữa; Nó không thể lây lan giữa các cây táo.","Chọn giống cây trồng kháng bệnh khi có sẵn. Cào lên và vứt bỏ lá rụng và các mảnh vụn khác từ dưới tán cây. Loại bỏ galls từ junipers bị nhiễm bệnh. Trong một số trường hợp, cây bách xù nên được loại bỏ hoàn toàn. Áp dụng các loại thuốc diệt nấm phòng ngừa, chống lại bệnh tật được dán nhãn để sử dụng trên táo hàng tuần, bắt đầu bằng việc phá nụ, để bảo vệ cây khỏi bào tử được giải phóng bởi vật chủ cây bách xù. Điều này chỉ xảy ra một lần mỗi năm, vì vậy các ứng dụng bổ sung sau khi lây lan mùa xuân này là không cần thiết. Trên cây bách xù, rỉ sét có thể được kiểm soát bằng cách phun thực vật bằng dung dịch đồng (0,5 đến 2,0 oz / gallon nước) ít nhất bốn lần từ cuối tháng Tám đến cuối tháng Mười. Điều trị an toàn hầu hết các bệnh nấm và vi khuẩn với SERENADE Garden. Thuốc diệt nấm sinh học phổ rộng này sử dụng một chủng Bacillus subtilis đã được cấp bằng sáng chế được đăng ký sử dụng hữu cơ. Trên hết, SERENADE hoàn toàn không độc hại đối với ong mật và côn trùng có lợi.",https://content.ces.ncsu.edu/media/images/RUST.png,
3,Apple, Healthy,"Như với hầu hết các loại trái cây, táo sản xuất tốt nhất khi được trồng trong ánh nắng mặt trời đầy đủ, có nghĩa là sáu giờ trở lên của Mặt trời mùa hè trực tiếp hàng ngày. Tiếp xúc tốt nhất cho táo là phía bắc của một ngôi nhà, đường cây, hoặc mọc lên chứ không phải là phía nam. Cây táo cần đất thoát nước tốt, nhưng có thể giữ được độ ẩm.",Táo rất bổ dưỡng.  Táo có thể tốt cho việc giảm cân. Táo có thể tốt cho tim của bạn.  Chúng có liên quan đến nguy cơ mắc bệnh tiểu đường thấp hơn.  Chúng có thể có tác dụng prebiotic và thúc đẩy vi khuẩn đường ruột tốt. Các chất trong táo có thể giúp ngăn ngừa ung thư.,https://previews.123rf.com/images/msnobody/msnobody1508/msnobody150800002/43698436-red-apple-on-a-branch-of-an-apple-tree-on-a-sunny-day-organic-farmingagriculture-fresh-healthy-natur.jpg,
4,Background Without Leaves,Không phát hiện lá cây,Không có lá trong hình ảnh đã cho,Vui lòng tải lại hình ảnh bằng Leaf,https://cdn.onlinewebfonts.com/svg/img_332817.png,
5,Blueberry, Healthy,"Quả việt quất có lượng calo thấp nhưng giàu chất dinh dưỡng. ... Quả việt quất là vua của thực phẩm chống oxy hóa. ... Quả việt quất làm giảm tổn thương DNA, có thể giúp bảo vệ chống lão hóa và ung thư. ... Quả việt quất bảo vệ cholesterol trong máu của bạn khỏi bị hư hại. ... Quả việt quất có thể làm giảm huyết áp.","Lớp phủ sâu, pH thấp như rêu than bùn, kim thông hoặc mùn cưa lâu năm giúp tiết kiệm nước và giảm thiểu biến động nước trong đất. Tưới nước cho cây việt quất vào ban ngày. Giữ cho đất ẩm nhưng không bị sũng nước. Cung cấp cho chúng ít nhất 1 ""mỗi tuần trong mùa sinh trưởng và tối đa 4"" mỗi tuần trong khi quả chín. Quả việt quất là một loại cây có rễ nông. Do đó, nó đòi hỏi một loại đất giữ độ ẩm, nhưng cũng thoát nước tốt và không bị ẩm ướt. Không trồng việt quất ở những nơi có đất sét nặng, ẩm ướt.",https://image.shutterstock.com/image-photo/blueberry-leaf-collection-isolated-on-260nw-308491814.jpg,https://i.imgur.com/0ckFQle.png
6,Cherry,Bệnh phấn trắng,"Các triệu chứng ban đầu, thường xảy ra từ 7 đến 10 ngày sau khi bắt đầu lần tưới đầu tiên, là các mảng màu trắng hình tròn nhạt trên lá non, mẫn cảm (lá mới mở ra và lá mở rộng màu xanh nhạt). Lá già phát triển khả năng kháng bệnh liên quan đến tuổi (ontogenic) đối với bệnh phấn trắng và có khả năng chống nhiễm trùng tự nhiên cao hơn lá non. Tìm kiếm các bệnh nhiễm trùng lá sớm trên rễ hút, bên trong tán cây hoặc đáy quần của cây nơi có độ ẩm cao. Trái ngược với các loại nấm khác, phấn trắng không cần nước tự do để nảy mầm nhưng sự nảy mầm và phát triển của nấm được ưa chuộng bởi độ ẩm cao. Bệnh có nhiều khả năng bắt đầu ở mặt dưới (abaxial) của lá nhưng sẽ xảy ra ở cả hai bên ở giai đoạn sau. Khi mùa tiến triển và nhiễm trùng lây lan qua gió, lá có thể bị biến dạng, cuộn tròn lên. Nhiễm trùng nặng có thể khiến lá nhăn lại và xoắn. Lá mới phát triển trên chồi mới trở nên nhỏ dần, thường nhợt nhạt và ...","Khử trùng các cạnh cắt, sau đó cắt tỉa và loại bỏ các phần bị bệnh của cây ngay lập tức. Đồng thời, bôi thuốc diệt nấm để bảo vệ những lá còn lại trên cây ăn quả. Bạn sẽ cần lặp lại các ứng dụng thuốc diệt nấm theo hướng dẫn trên nhãn để bảo vệ cây trong toàn bộ mùa.",http://treefruit.wsu.edu/wp-content/uploads/2017/05/Fig1.png,https://i.imgur.com/Wo0fNUI.png
7,Cherry, Healthy,"Không có sự khác biệt trong việc chăm sóc giữa anh đào chua và ngọt. Áp dụng lớp phủ để giữ độ ẩm. Treo lưới trên cây để bảo vệ trái cây khỏi chim. Tưới nước thường xuyên ở những nơi khô ráo. Tỉa thưa quả là không cần thiết cho cây anh đào, vì chúng thường mỏng tự nhiên vào đầu mùa hè.",Đóng gói với các chất dinh dưỡng. Giàu chất chống oxy hóa và các hợp chất chống viêm. Có thể thúc đẩy phục hồi tập thể dục. Có thể có lợi cho sức khỏe tim mạch. Có thể cải thiện các triệu chứng viêm khớp và bệnh gút. Có thể cải thiện chất lượng giấc ngủ. Dễ dàng để thêm vào chế độ ăn uống của bạn.,https://previews.123rf.com/images/annafrby/annafrby1907/annafrby190700078/127086189-cherry-on-branch-with-green-leaf-healthy-food-fresh-fruit-two-ripe-berries-of-a-cherry-on-a-branch-l.jpg,
8,Corn,Bệnh đốm lá Cercospora | đốm lá xám,"Bệnh đốm lá xám trên ngô, do nấm Cercospora zeae-maydis gây ra, là một bệnh lâu năm và gây hại kinh tế ở Hoa Kỳ. Kể từ giữa những năm 1990, căn bệnh này đã tăng tầm quan trọng ở Indiana, và bây giờ là một trong những bệnh trên lá quan trọng nhất của ngô trong tiểu bang. Bệnh đốm lá xám là do nấm Pyricularia grisea gây ra, còn được gọi là Magnaporthe grisea. Thời kỳ mưa ấm áp thường xuyên phổ biến ở Florida tạo điều kiện thuận lợi cho bệnh nấm này. Loại nấm này làm chậm sự phát triển, làm mỏng các giá đỡ được thiết lập và có thể giết chết các khu vực rộng lớn của St.","Tưới sâu, nhưng không thường xuyên. Tránh sử dụng thuốc diệt cỏ sau khi xuất hiện trên bãi cỏ trong khi bệnh đang hoạt động. Tránh mức phân đạm từ trung bình đến cao. Cải thiện lưu thông không khí và mức độ ánh sáng trên bãi cỏ. Cắt ở độ cao thích hợp và chỉ cắt khi cỏ khô.",https://upload.wikimedia.org/wikipedia/commons/thumb/1/12/Gray_leaf_spot_Cercospora_zeae-maydis_5465607.png/330px-Gray_leaf_spot_Cercospora_zeae-maydis_5465607.png,https://i.imgur.com/3tOHeMW.png
9,Corn,rỉ sét thông thường,"Mặc dù một vài mụn mủ rỉ sét luôn có thể được tìm thấy trên các cánh đồng ngô trong suốt mùa sinh trưởng, các triệu chứng thường không xuất hiện cho đến sau khi tua. Chúng có thể dễ dàng nhận ra và phân biệt với các bệnh khác bằng sự phát triển của mụn mủ sẫm màu, màu nâu đỏ (uredinia) nằm rải rác trên cả bề mặt trên và dưới của lá ngô. Những mụn mủ này có thể xuất hiện trên bất kỳ phần nào trên mặt đất của cây, nhưng có nhiều nhất trên lá. Mụn mủ xuất hiện hình bầu dục để kéo dài về hình dạng, thường nhỏ, dài dưới 1/4 inch và được bao quanh bởi lớp biểu bì lá, nơi nó đã xuyên qua.","Để giảm tỷ lệ mắc bệnh gỉ sắt ngô, chỉ trồng ngô có khả năng kháng nấm. Sức đề kháng ở dạng kháng đặc trưng cho chủng tộc hoặc chống gỉ một phần. Trong cả hai trường hợp, không có ngô ngọt nào có khả năng kháng hoàn toàn. Nếu ngô bắt đầu có triệu chứng nhiễm trùng, ngay lập tức phun thuốc diệt nấm.",https://ohioline.osu.edu/sites/ohioline/files/imce/Plant_Pathology/PLNTPTH-CER-02_Figure_1.png,
10,Corn,Bệnh bạc lá phía Bắc,"Bệnh bạc lá ngô miền Bắc (NCLB) do nấm Setosphaeria turcica gây ra. Các triệu chứng thường xuất hiện đầu tiên ở lá dưới. Các tổn thương trên lá dài (1 đến 6 inch) và hình elip, lúc đầu màu xanh xám nhưng sau đó chuyển sang màu xám nhạt hoặc nâu. Trong điều kiện ẩm ướt, các bào tử màu xám đen được tạo ra, thường ở bề mặt lá dưới, làm cho các tổn thương có màu xám ""bẩn"". Toàn bộ lá trên cây bị tàn phá nghiêm trọng có thể chết, do đó không nhìn thấy các tổn thương riêng lẻ. Các tổn thương có thể xảy ra ở vỏ trấu bên ngoài của tai, nhưng hạt nhân không bị nhiễm trùng. Trên các giống lai có chứa gen Ht để kháng nấm, các tổn thương nhỏ hơn, úa vàng và có thể phát triển thành các vệt tuyến tính. Những tổn thương này hiếm khi tạo ra bào tử.","Sử dụng thuốc diệt nấm làm giảm thiệt hại do bệnh bạc lá ngô miền Bắc và năng suất được bảo vệ. Giá trị thuốc diệt nấm cao hơn trong việc giảm năng suất ở các giống ngô lai mẫn cảm. Thuốc diệt nấm có hiệu quả nhất nếu chúng được áp dụng khi khởi phát bệnh. Bệnh khởi phát khác nhau trong các giai đoạn tăng trưởng, và do đó giai đoạn tốt nhất để áp dụng thuốc diệt nấm.",https://crop-protection-network.s3.amazonaws.com/articles/NLB-Daren-Mueller-02.jpg,
11,Corn, Healthy,"Cây ngô thích nhiệt độ ban ngày từ 75 đến 80 độ F và 65 đến 70 độ F vào ban đêm. Đất cần được giữ ẩm liên tục, nhưng không bị sũng nước và chúng chỉ cần phân bón 6 tháng một lần. Mặc dù dracaena có thể mất điều kiện ánh sáng yếu, nhưng chúng hoạt động tốt nhất khi được đặt trong ánh sáng mạnh nhưng gián tiếp. Nó chỉ là tự nhiên cho một cây để sản xuất một vài lá vàng, nó không có gì để báo động. Tuy nhiên, nếu nó tạo ra nhiều lá vàng cùng một lúc, giả sử năm hoặc sáu, bạn có thể tưới nước quá nhiều hoặc cây có thể bị thiếu ánh sáng.","Ngô có một số lợi ích sức khỏe. Do hàm lượng chất xơ cao, nó có thể hỗ trợ tiêu hóa. Nó cũng chứa các vitamin B có giá trị, rất quan trọng đối với sức khỏe tổng thể của bạn. Ngô cũng cung cấp cho cơ thể chúng ta các khoáng chất thiết yếu như kẽm, magiê, đồng, sắt và mangan.",https://c8.alamy.com/comp/A85TR2/young-healthy-green-leaves-of-corn-maize-plant-in-pretty-unfolding-A85TR2.jpg,
12,Grape,Thối đen,"Bệnh thối đen nho là một bệnh nấm gây ra bởi một loại nấm ascomycetous, Guignardia bidwellii, tấn công cây nho trong thời tiết nóng ẩm. ""Bệnh thối đen nho có nguồn gốc từ miền đông Bắc Mỹ, nhưng hiện nay xảy ra ở các khu vực của châu Âu, Nam Mỹ và châu Á. Nó có thể gây mất mùa hoàn toàn ở vùng khí hậu ấm áp, ẩm ướt, nhưng hầu như không được biết đến ở những vùng có mùa hè khô cằn. Tên này xuất phát từ rìa đen giáp với các mảng nâu mọc trên lá. Bệnh cũng tấn công các bộ phận khác của cây, ""tất cả các phần màu xanh của cây nho: chồi, lá và thân quả, tua và quả. Hậu quả tai hại nhất là đối với trái cây""","Mancozeb có sẵn dưới dạng thuốc diệt nấm BONIDE MANCOZEB FLOWABLE. Nó chứa 37% Mancozeb và rất hiệu quả để kiểm soát bệnh thối đen. Nova (myclobutanil) có sẵn trong IMMUNOX FUNGICIDE. Nó là 1,55% myclobutanil và có hiệu quả để kiểm soát bệnh thối đen.",https://upload.wikimedia.org/wikipedia/commons/thumb/c/cb/Guignardia_bidwellii_08.jpg/330px-Guignardia_bidwellii_08.jpg,https://i.imgur.com/KcI6GDc.png
13,Grape,Esca | Bệnh sởi đen,"Bệnh sởi nho, còn được gọi là esca, sởi đen hoặc sởi Tây Ban Nha, từ lâu đã gây khó khăn cho người trồng nho với biểu hiện khó hiểu của các triệu chứng và, trong một thời gian dài, thiếu (các) sinh vật gây bệnh có thể xác định được. Cái tên 'sởi' dùng để chỉ những đốm bề mặt được tìm thấy trên quả (Hình 1). Trong mùa, các đốm có thể kết lại trên bề mặt da, làm cho quả mọng có màu đen. Đốm có thể phát triển bất cứ lúc nào giữa bộ quả và một vài ngày trước khi thu hoạch. Quả mọng bị ảnh hưởng ở bộ quả có xu hướng không trưởng thành và sẽ co lại và khô. Ngoài đốm, trái cây bị ảnh hưởng vào cuối mùa cũng sẽ có vị chát. Các triệu chứng trên lá được đặc trưng bởi mô hình 'sọc hổ' (Hình lá 2 đáy) khi nhiễm trùng nghiêm trọng từ năm này sang năm khác. Nhiễm trùng nhẹ có thể gây ra các triệu chứng trên lá (Hình 2 lá trên) có thể bị nhầm lẫn với các bệnh khác hoặc thiếu hụt dinh dưỡng. Các giống màu trắng sẽ hiển thị các khu vực bị nhiễm clo sau đó là hoại tử, trong khi các giống màu đỏ là đặc trưng của ...","Cho đến nay không có phương pháp hiệu quả để kiểm soát căn bệnh này. Loại bỏ các loại quả mọng, lá và thân cây bị nhiễm bệnh và tiêu diệt chúng. Bảo vệ vết thương mận khô để giảm thiểu nhiễm nấm bằng cách sử dụng keo dán vết thương (5% axit boric trong sơn acrylic) hoặc tinh dầu hoặc thuốc diệt nấm thích hợp.",https://www.researchgate.net/profile/Laura-Mugnai/publication/43161073/figure/fig1/AS:340404659605512@1458170203496/Symptoms-associated-with-esca-of-grapevine-chlorosis-and-necrosis-on-the-leaves-showing_Q320.jpg,
14,Grape,Bệnh bạc lá | Bệnh đốm lá Isariopsis,"Nấm là một mầm bệnh bắt buộc có thể tấn công tất cả các phần màu xanh của cây nho. Các triệu chứng của bệnh này thường bị nhầm lẫn với các triệu chứng của bệnh phấn trắng. Lá bị nhiễm bệnh phát triển các tổn thương màu vàng xanh nhạt, dần dần chuyển sang màu nâu. Lá bị nhiễm bệnh nặng thường rụng sớm. Cuống lá, tua và chồi bị nhiễm bệnh thường cuộn tròn, phát triển kẻ gian của người chăn cừu, và cuối cùng chuyển sang màu nâu và chết. Quả non rất dễ bị nhiễm trùng và thường được bao phủ bởi cấu trúc đậu quả màu trắng của nấm. Những quả mọng già bị nhiễm bệnh của các giống màu trắng có thể chuyển sang màu xanh xám xỉn, trong khi những quả của các giống màu đen chuyển sang màu đỏ hồng.","Áp dụng thuốc xịt không hoạt động để giảm mức độ tiêm chủng. Cắt nó ra.  Mở tán cây đó ra. Đừng buông lỏng sự phòng thủ của bạn. Hướng đạo sớm, trinh sát thường xuyên. Sử dụng thuốc diệt nấm bảo vệ và toàn thân. Xem xét kháng thuốc diệt nấm. Xem thời tiết.",https://www.goodfruit.com/wp-content/uploads/Black-rot-lesions-on-leaves-indicate-potential-for-fruit-infection-1-feat2.jpg,
15,Grape, Healthy,Chỉ áp dụng nước cho vùng rễ. Tránh để lá nho bị ướt vì điều này có thể khuyến khích nhiều bệnh nho. Giảm tưới nước cho cây nho non vào mùa thu để khuyến khích cây cứng lại để chuẩn bị cho mùa đông. Dây leo già hiếm khi cần tưới nước trừ khi trên đất cát hoặc đất thoát nước rất tốt khác.,"Chứa nhiều chất dinh dưỡng, đặc biệt là vitamin C và K. Hàm lượng chất chống oxy hóa cao có thể ngăn ngừa các bệnh mãn tính. Các hợp chất thực vật có thể bảo vệ chống lại một số loại ung thư.  Có lợi cho sức khỏe tim mạch theo nhiều cách ấn tượng khác nhau. Có thể làm giảm lượng đường trong máu và bảo vệ chống lại bệnh tiểu đường.",https://images.indianexpress.com/2021/02/grapes-1200.jpg,
16,Orange,Haunglongbing | Phủ xanh cam quýt,"Bệnh xanh lá cây có múi là một bệnh của cây có múi do mầm bệnh lây truyền qua véc tơ. HLB được phân biệt bởi các triệu chứng phổ biến của màu vàng của tĩnh mạch và các mô lân cận; tiếp theo là lốm đốm loang lổ toàn bộ lá, rụng lá sớm, cành cây chết, sâu răng của rễ trung chuyển và rễ bên, và suy giảm sức sống, cuối cùng là cái chết của toàn bộ cây. Cây bị ảnh hưởng có sự phát triển còi cọc, mang nhiều hoa trái mùa (hầu hết trong số đó rụng) và tạo ra quả nhỏ, có hình dạng không đều với vỏ dày, nhợt nhạt vẫn còn xanh ở phía dưới và có vị rất đắng. Các triệu chứng phổ biến thường có thể bị nhầm lẫn với sự thiếu hụt chất dinh dưỡng; Tuy nhiên, yếu tố phân biệt giữa sự thiếu hụt chất dinh dưỡng là mô hình đối xứng. Sự thiếu hụt chất dinh dưỡng có xu hướng đối xứng dọc theo rìa gân lá, trong khi HLB có màu vàng không đối xứng xung quanh gân lá. Triệu chứng đáng chú ý nhất của HLB là màu xanh lá cây và còi cọc của quả, đặc biệt là sau khi chín","Cách duy nhất để ngăn chặn sự lây lan của bệnh xanh lá cây có múi là kiểm soát ACP (Rầy chổng cánh châu Á). Vì cam quýt là một loại cây vườn phổ biến và được trồng rộng rãi, chủ nhà đang ở tuyến đầu của trận chiến quan trọng này. Xịt cây chanh bằng thuốc trừ sâu dầu Neem, cả mặt trên và mặt dưới của tán lá. Bạn có thể cần phải lặp lại trong 10-14 ngày, tùy thuộc vào mức độ phá hoại. Theo dõi bằng cách xử lý sự phát triển của nấm mốc bằng thuốc diệt nấm đồng lỏng.",https://www.universityofcalifornia.edu/sites/default/files/CitrusGreening.jpg,https://i.imgur.com/dvFSMXu.png
17,Peach,đốm vi khuẩn,"Bệnh đốm vi khuẩn là một bệnh quan trọng của đào, xuân đào, mơ và mận do Xanthomonas campestris pv gây ra. pruni. Các triệu chứng của bệnh này bao gồm đốm quả, đốm lá và thối cành. Các triệu chứng của trái cây bao gồm rỗ, nứt, nứt và mô ngâm nước, có thể làm cho trái cây dễ bị thối nâu, rhizopus và các bệnh nhiễm nấm khác. Nhiễm bệnh đốm lá nghiêm trọng có thể gây rụng lá sớm. Rụng lá nghiêm trọng có thể dẫn đến giảm kích thước quả, cháy nắng và nứt quả. Cây rụng lá sớm bị giảm sức sống và độ cứng của mùa đông.","Các triệu chứng quả của đốm vi khuẩn có thể bị nhầm lẫn với bệnh ghẻ đào, gây ra bởi nấm Cladosporium carpophyllium, tuy nhiên các đốm ghẻ có hình tròn hơn, có màu nâu sẫm / xanh lục, mờ và không làm mờ bề mặt quả, mặc dù có thể xảy ra nứt da. Bệnh ghẻ không gây ra các triệu chứng trên lá nhưng có thể gây ra các đốm trên cành cây. Các đốm quả ban đầu của đốm vi khuẩn có thể bề ngoài nhưng phát triển thành miệng hố.",https://www.gardeningknowhow.com/wp-content/uploads/2016/07/bacterial-spot-peach.jpg,https://i.imgur.com/om7dtUL.png
18,Peach, Healthy,"Cây đào mọc ở Khu vực USDA 5 đến 8 hoặc 9, và chúng có sẵn ở kích thước lùn hoặc tiêu chuẩn, khiến chúng trở thành lựa chọn tuyệt vời cho các vườn cây ăn quả ở sân sau. Không giống như hầu hết các loại cây cảnh, cây đào cần được cắt tỉa, bón phân và phun thuốc thường xuyên để giữ sức khỏe và năng suất. Giữ cho mặt đất xung quanh cây của bạn không có cỏ và cỏ dại sẽ cạnh tranh nước và chất dinh dưỡng, và mùn một cách hào phóng.",Đóng gói với các chất dinh dưỡng và chất chống oxy hóa.  Có thể hỗ trợ tiêu hóa.  Có thể cải thiện sức khỏe tim mạch.  Có thể bảo vệ làn da của bạn. Có thể ngăn ngừa một số loại ung thư. Có thể làm giảm các triệu chứng dị ứng. Có sẵn rộng rãi và dễ dàng để thêm vào chế độ ăn uống của bạn.,https://www.tasteofhome.com/wp-content/uploads/2019/06/peaches-shutterstock_297863489-1.jpg,
19,Pepper bell,đốm vi khuẩn,"Các đốm lá xuất hiện ở mặt dưới của lá già là nhỏ, nổi mụn và ở bề mặt lá phía trên như những đốm nhỏ ngâm nước là triệu chứng của đốm vi khuẩn. Đây là một bệnh tiêu quan trọng ở Maryland. Nó cũng thỉnh thoảng tấn công cà chua. Cuối cùng, các đốm phát triển trung tâm màu xám đến nâu với đường viền tối hơn. Các tổn thương lan rộng trong thời tiết ấm áp, ẩm ướt. Lá sau đó có thể chuyển sang màu vàng, sau đó nâu và rụng. Các tổn thương cũng có thể phát triển trên thân cây. Trái cây phát triển những đốm nhỏ, nổi lên thô ráp không ảnh hưởng đến chất lượng ăn uống. Lá bị nhiễm bệnh nặng sẽ rụng dẫn đến bỏng nắng. Bệnh đốm lá do vi khuẩn lây lan do mưa bắn tung tóe và làm việc với cây ướt, bị nhiễm bệnh. Bệnh này có thể làm rụng lá cây trong thời tiết ẩm ướt. Thời tiết nóng, khô làm chậm sự lây lan của căn bệnh này. Bệnh có thể xâm nhập vào hạt giống hoặc cấy ghép và có thể đan xen trong tàn dư cây trồng và đất.",Chọn giống kháng bệnh Mua hạt giống và cấy ghép sạch bệnh. Xử lý hạt giống bằng cách ngâm chúng trong 2 phút trong dung dịch tẩy clo 10% (1 phần thuốc tẩy; 9 phần nước). Rửa kỹ hạt giống và lau khô trước khi trồng. Phủ sâu cây bằng vật liệu hữu cơ dày như giấy báo phủ rơm hoặc cắt cỏ. Tránh tưới nước trên cao. Loại bỏ và loại bỏ các bộ phận của cây bị nhiễm bệnh nặng và tất cả các mảnh vụn vào cuối mùa. Xịt mỗi 10-14 ngày bằng đồng cố định (thuốc diệt nấm hữu cơ) để làm chậm sự lây lan của nhiễm trùng. Xoay ớt đến một vị trí khác nếu nhiễm trùng nghiêm trọng và phủ đất bằng lớp phủ nhựa đen hoặc vải cảnh quan màu đen trước khi trồng.,https://extension.umd.edu/sites/default/files/_images/programs/grow_it_eat_it/diseases/BacterialLeafSpot/bacterial_leaf_spot_pepper_plant_l.jpg,https://i.imgur.com/hbvQfc7.png
20,Pepper bell, Healthy,"Ớt chuông đỏ, cam và vàng có đầy đủ các lợi ích sức khỏe tuyệt vời - chúng chứa nhiều vitamin và ít calo! Chúng là một nguồn tuyệt vời của vitamin A, vitamin C và kali. Ớt chuông cũng chứa một lượng chất xơ, folate và sắt lành mạnh."," Giữ ớt chuông tưới nước tốt, nhưng không bao giờ để đất sũng nước. Nước để làm ẩm đất sâu khoảng 6 inch, sau đó để khô nhẹ. Tưới nước đặc biệt quan trọng trong quá trình đậu quả, khi những quả ớt nhỏ thay thế cho hoa và khi chuông trưởng thành. Độ ẩm phù hợp giúp ớt săn chắc và khỏe mạnh.",https://www.healthbenefitstimes.com/9/gallery/bell-peppers/Bell-pepper-leaves.jpg,
21,Potato,Bệnh sương mai,"Ở hầu hết các khu vực sản xuất, bệnh bạc lá sớm xảy ra hàng năm ở một mức độ nào đó. Mức độ nghiêm trọng của bệnh bạc lá sớm phụ thuộc vào tần suất ẩm ướt của lá do mưa, sương hoặc tưới tiêu; tình trạng dinh dưỡng của tán lá; và tính nhạy cảm với cây trồng. Các triệu chứng đầu tiên của bệnh bạc lá sớm xuất hiện dưới dạng các đốm nhỏ, tròn hoặc không đều, màu nâu sẫm đến đen trên lá già (dưới). Những đốm này mở rộng đường kính lên đến 3/8 inch và dần dần có thể trở thành hình dạng góc cạnh. Các tổn thương ban đầu trên lá non, mở rộng hoàn toàn có thể bị nhầm lẫn với tổn thương đốm nâu. Những tổn thương đầu tiên này xuất hiện khoảng hai đến ba ngày sau khi nhiễm trùng, với sự bào tử hơn nữa trên bề mặt của các tổn thương này xảy ra ba đến năm ngày sau đó.",Điều trị bệnh bạc lá sớm bao gồm phòng ngừa bằng cách trồng các giống khoai tây có khả năng kháng bệnh; Trưởng thành muộn có khả năng chống chịu tốt hơn các giống trưởng thành sớm. Tránh tưới trên cao và cho phép sục khí đầy đủ giữa các cây để cho phép tán lá khô càng nhanh càng tốt.,https://www.ag.ndsu.edu/publications/crops/early-blight-in-potato/figure-1-opt.jpeg/@@images/468990cc-77a9-4e29-8779-0eb3e94e0407.jpeg,https://i.imgur.com/1WZygaH.png
22,Potato,Bệnh sương mai,"Vật chủ chính là khoai tây, nhưng P. infestans cũng có thể lây nhiễm sang các cây solanaceous khác, bao gồm cà chua, petunias và nighthade lông, có thể đóng vai trò là nguồn tiêm cho khoai tây. Các triệu chứng đầu tiên của bệnh sương mai trên đồng ruộng là các đốm nhỏ, màu xanh nhạt đến xanh đậm, hình tròn đến hình dạng không đều. Những tổn thương này thường xuất hiện đầu tiên ở lá dưới. Các tổn thương thường bắt đầu phát triển gần đầu lá hoặc mép lá, nơi sương được giữ lại lâu nhất. Trong thời tiết mát mẻ, ẩm ướt, những tổn thương này lan rộng nhanh chóng thành các tổn thương lớn, màu nâu sẫm hoặc đen, thường xuất hiện nhờn. Các tổn thương trên lá cũng thường được bao quanh bởi một quầng sáng úa vàng","Bệnh sương mai nghiêm trọng có thể được quản lý hiệu quả bằng cách phun mancozeb dự phòng ở mức 0,25%, tiếp theo là cymoxanil + mancozeb hoặc dimethomorph + mancozeb ở mức 0,3% khi bắt đầu bệnh và thêm một lần phun mancozeb ở mức 0,25% bảy ngày sau khi sử dụng thuốc diệt nấm toàn thân ở Tây Bengal",https://www.ag.ndsu.edu/publications/crops/late-blight-in-potato/figure-2-opt.jpeg/@@images/dfe1e0b4-08d4-404a-8e66-474de72b1e91.jpeg,
23,Potato, Healthy,"Nhiều loại khoai tây cần độ ẩm phù hợp để phát triển, vì vậy hãy tưới nước thường xuyên hàng ngày khi củ phát triển. Khi bạn tưới cây khoai tây, nó sẽ đạt đến mặt đất khoảng 8-10 inch. Trong mùa nóng hoặc ấm, tưới nước cho cây khoai tây với số lượng lớn hai lần một ngày khi đất khô nhanh.","Đóng gói với các chất dinh dưỡng. Chia sẻ trên Pinterest. Chứa chất chống oxy hóa. Khoai tây rất giàu các hợp chất như flavonoid, carotenoids và axit phenolic ( 4 ). Có thể cải thiện kiểm soát lượng đường trong máu. Có thể cải thiện sức khỏe tiêu hóa. Tự nhiên không chứa gluten. Vô cùng lấp đầy. Cực kỳ linh hoạt.",https://www.garden.eco/wp-content/uploads/2018/06/can-you-eat-potato-leaves.jpg,
24,Raspberry, Healthy,"Tưới nước một inch mỗi tuần từ mùa xuân cho đến sau khi thu hoạch. Tưới nước thường xuyên tốt hơn ngâm sâu không thường xuyên. Giữ cho bụi cây mâm xôi của bạn gọn gàng bằng cách đào bất kỳ ""mút"" hoặc gậy nào mọc cách xa các hàng; Nếu bạn không đào chúng lên, chúng sẽ hút chất dinh dưỡng đi và bạn sẽ có ít quả mọng hơn vào năm tới.","Chúng cung cấp kali, cần thiết cho chức năng tim và được chứng minh là làm giảm huyết áp. Các axit béo omega-3 trong quả mâm xôi có thể giúp ngăn ngừa đột quỵ và bệnh tim. Chúng cũng chứa một khoáng chất gọi là mangan, cần thiết cho xương và da khỏe mạnh và giúp điều chỉnh lượng đường trong máu.",https://www.gardeningknowhow.com/wp-content/uploads/2009/04/raspberry.jpg,https://i.imgur.com/GurafeQ.png
25,Soybean, Healthy,Giữ các luống trồng ẩm đều cho đến khi đậu nành đẩy qua đất. Tưới nước thường xuyên trong quá trình ra hoa và hình thành quả. Tránh tưới nước trên cao có thể khiến hoa và vỏ rụng. Phủ lớp phủ khi đất ấm lên lớn hơn 60 ° F (16 ° C) để bảo tồn độ ẩm của đất.,"Giàu chất xơ, giàu protein, ít chất béo bão hòa, cholesterol, không chứa lactose, một nguồn axit béo omega-3 dồi dào, một nguồn chất chống oxy hóa giàu phytoestrogen.",https://upload.wikimedia.org/wikipedia/commons/a/ac/Soybean_leaves.jpg,https://i.imgur.com/AmgTXjd.png
26,Squash,Bệnh phấn trắng,"Các đốm phấn trắng có thể hình thành trên cả bề mặt lá trên và dưới, và nhanh chóng mở rộng thành các đốm lớn. Bệnh phấn trắng làm suy yếu cây và quả chín sớm. Quả ngày càng ít mọc trên cây bị nhiễm bệnh. Trong điều kiện ấm áp, khô ráo, bào tử mới hình thành và dễ dàng lây lan bệnh. Các triệu chứng của bệnh phấn trắng xuất hiện lần đầu tiên từ giữa đến cuối mùa hè ở Minnesota. Cung cấp chuyển động không khí tốt xung quanh cây thông qua khoảng cách thích hợp, đặt cọc cây và kiểm soát cỏ dại. Nếu các giống mẫn cảm đang phát triển trong một khu vực mà phấn trắng đã dẫn đến mất năng suất trong quá khứ, thuốc diệt nấm có thể là cần thiết.","Kết hợp một muỗng baking soda và một nửa muỗng cà phê xà phòng lỏng, không chất tẩy rửa với một gallon nước và phun hỗn hợp tự do lên cây. Nước súc miệng. Nước súc miệng bạn có thể sử dụng hàng ngày để tiêu diệt vi trùng trong miệng cũng có thể có hiệu quả trong việc tiêu diệt bào tử phấn trắng.",https://extension.umn.edu/sites/extension.umn.edu/files/styles/caption_medium/public/powdery-mildew-2.jpg?itok=Un68av52,https://i.imgur.com/8ucufve.png
27,Strawberry,Cháy lá,"Các triệu chứng cháy sém lá rất giống với giai đoạn đầu của bệnh đốm lá phổ biến (Mycosphaerella), với các đốm màu tím sẫm không đều nằm rải rác trên bề mặt lá phía trên. Khi các đốm mở rộng, chúng bắt đầu trông giống như những giọt nhựa đường, và thực sự là sự tích tụ của cơ thể đậu quả màu đen (acervuli) của nấm. Trung tâm của các đốm vẫn có màu tím (trong đốm lá Mycosphaerella chúng có màu trắng) và không có đường viền tổn thương được xác định rõ. Trong nhiễm trùng nặng, các vùng này kết hợp lại và mô giữa các tổn thương thường có màu tía đến đỏ tươi phụ thuộc vào giống cây, nhiệt độ hoặc các yếu tố khác. Lá cuối cùng chuyển sang màu nâu, khô và cuộn tròn ở mép lá tạo cho chiếc lá vẻ ngoài cháy xém. Kiểm tra acervuli và hình thái hình nón có thể giúp phân biệt giữa đốm lá và cháy lá ở giai đoạn tiến triển của bệnh. Trên bề mặt lá phía trên của các tổn thương cháy lá, acervuli có màu sẫm với các khối bào tử lấp lánh và apot tối ...","Mặc dù cháy lá trên cây dâu tây có thể gây bực bội, nhưng có một số chiến lược mà người làm vườn tại nhà có thể sử dụng để giúp ngăn chặn sự lây lan của nó trong vườn. Các phương tiện chính để kiểm soát cháy lá dâu tây phải luôn luôn là phòng ngừa. Vì mầm bệnh nấm này đan xen trên lá rụng của cây bị nhiễm bệnh, vệ sinh vườn đúng cách là chìa khóa. Điều này bao gồm việc loại bỏ các mảnh vụn vườn bị nhiễm bệnh từ mảng dâu tây, cũng như thường xuyên thiết lập các ca cấy dâu tây mới. Việc tạo ra các đồn điền mới và các mảng dâu tây là chìa khóa để duy trì thu hoạch dâu tây nhất quán, vì các cây già có nhiều khả năng có dấu hiệu nhiễm trùng nặng.",https://content.ces.ncsu.edu/media/images/17531_IMG_2126.JPG,https://i.imgur.com/8WKaAnW.png
28,Strawberry, Healthy,"Tìm cho chúng một nơi đầy nắng vì chúng yêu thích và cần nhiều ánh sáng. Tôi thích một nơi mà họ nhận được mặt trời buổi sáng. Nếu bạn để chúng trong chậu và / hoặc các vật chứa khác, tốt nhất là di chuyển chúng vào ban ngày để tận dụng ánh sáng mặt trời thay đổi. Chúng là những cây khát nước. Tưới nước cho chúng hàng ngày, đặc biệt nếu chúng đang sản xuất trái cây. Tốt nhất là làm điều đó vào buổi sáng và tránh làm ướt lá để phòng bệnh. Giữ chúng được bảo vệ khỏi điều kiện thời tiết khắc nghiệt và gió. Xin lưu ý rằng ngay cả khi họ thích ánh sáng mặt trời, việc tiếp xúc với ánh sáng mặt trời trực tiếp giữa trưa cũng có thể gây hại. Kiểm tra chậu để thoát nước tốt. Giữ cỏ dại và cây không mong muốn trong kiểm tra. Bạn cần bón phân cho chúng vì chúng cần rất nhiều năng lượng để sản xuất dâu tây. Mua phân bón cân bằng (10-10-10, 12-12-12, v.v.). Thực hiện theo các hướng dẫn vì quá nhiều phân bón có thể làm giảm năng suất trái cây và nó cũng có thể kích thích sản xuất Á hậu.","Hình trái tim của quả dâu tây là manh mối đầu tiên cho thấy loại quả này tốt cho bạn. Những gói nhỏ mạnh mẽ này bảo vệ trái tim của bạn, tăng cholesterol HDL (tốt), giảm huyết áp và bảo vệ chống ung thư.  Được đóng gói với vitamin, chất xơ và đặc biệt là hàm lượng chất chống oxy hóa cao được gọi là polyphenol, dâu tây là một loại thực phẩm không có natri, không có chất béo, không có cholesterol, ít calo. Chúng nằm trong số 20 loại trái cây hàng đầu về khả năng chống oxy hóa và là nguồn cung cấp mangan và kali tốt. Chỉ một khẩu phần - khoảng tám quả dâu tây - cung cấp nhiều vitamin C hơn một quả cam.",https://www.canr.msu.edu/uploads/images/7-12-11-MARK-plhstrw4.jpg,
29,Tomato,đốm vi khuẩn,"Bệnh đốm vi khuẩn của cà chua là một căn bệnh có khả năng tàn phá, trong trường hợp nghiêm trọng, có thể dẫn đến trái cây không thể bán được và thậm chí chết cây.  Bệnh đốm vi khuẩn có thể xảy ra bất cứ nơi nào cà chua được trồng, nhưng được tìm thấy thường xuyên nhất ở vùng khí hậu ấm áp, ẩm ướt, cũng như trong nhà kính.  Bệnh thường là một vấn đề ở Wisconsin.Bệnh đốm vi khuẩn có thể ảnh hưởng đến tất cả các bộ phận trên mặt đất của cây cà chua, bao gồm lá, thân và quả.  Đốm vi khuẩn xuất hiện trên lá dưới dạng các khu vực hình tròn nhỏ (nhỏ hơn ? inch), đôi khi ướt sũng nước (tức là trông ẩm ướt).  Các đốm ban đầu có thể có màu vàng-xanh, nhưng sẫm màu đến nâu đỏ khi chúng già đi.  Khi bệnh nặng, vàng lá lan rộng và rụng lá cũng có thể xảy ra.  Trên quả xanh, các đốm thường nhỏ, nổi lên và giống như vết phồng rộp, và có thể có quầng sáng màu vàng.  Khi quả trưởng thành, các đốm mở rộng (đạt kích thước tối đa 1/4 inch) và chuyển sang màu nâu, ghẻ và sần sùi.  Các đốm trưởng thành có thể được nâng lên, hoặc chìm với các cạnh nổi lên.","Trồng hạt giống hoặc cấy ghép không có mầm bệnh để ngăn chặn sự xâm nhập của mầm bệnh đốm vi khuẩn trên hạt giống hoặc cây con bị ô nhiễm.  Nếu không có nguồn hạt giống sạch hoặc bạn nghi ngờ rằng hạt giống của bạn bị ô nhiễm, hãy ngâm hạt giống trong nước ở 122 ° F trong 25 phút để tiêu diệt mầm bệnh.  Để giữ cho lá khô ráo và ngăn chặn sự lây lan của mầm bệnh, tránh tưới nước trên cao (ví dụ: bằng đũa phép hoặc vòi phun nước) của cây đã thành lập và thay vào đó sử dụng băng nhỏ giọt hoặc vòi ngâm.  Ngoài ra, để ngăn ngừa lây lan, KHÔNG xử lý cây khi chúng ướt (ví dụ: do sương) và thường xuyên khử trùng dụng cụ bằng dung dịch tẩy 10% hoặc (tốt hơn) cồn 70% (ví dụ: cồn xát).  Khi đốm vi khuẩn là một vấn đề tái diễn, hãy xem xét sử dụng các ứng dụng phòng ngừa các sản phẩm gốc đồng đã đăng ký sử dụng trên cà chua, đặc biệt là trong thời kỳ ấm áp, ẩm ướt.  Tuy nhiên, hãy nhớ rằng nếu sử dụng quá mức hoặc trong thời gian dài, đồng có thể không còn kiểm soát được bệnh.  Hãy chắc chắn đọc và làm theo tất cả các nhãn ...",https://www.growingproduce.com/wp-content/uploads/2019/08/bacterial_spot_tomato.jpg,https://i.imgur.com/zgsPhwk.png
30,Tomato,Bệnh sương mai,"Bệnh sương mai sớm là một trong những bệnh cà chua phổ biến nhất, xảy ra gần như mỗi mùa ở bất cứ nơi nào cà chua được trồng. Nó ảnh hưởng đến lá, quả và thân cây và có thể hạn chế năng suất nghiêm trọng khi sử dụng các giống cây mẫn cảm và thời tiết thuận lợi. Rụng lá nghiêm trọng có thể xảy ra và dẫn đến cháy nắng trên quả. Bệnh bạc lá sớm là phổ biến ở cả đồng ruộng và sản xuất cà chua đường hầm cao ở Minnesota.","Cắt tỉa hoặc cây cọc để cải thiện lưu thông không khí và giảm các vấn đề về nấm. Đảm bảo khử trùng kéo cắt tỉa của bạn (một phần thuốc tẩy đến 4 phần nước) sau mỗi lần cắt. Giữ đất dưới gốc cây sạch sẽ và không có mảnh vụn vườn. Thêm một lớp phân hữu cơ để ngăn các bào tử bắn ngược lên thảm thực vật. Vòi tưới nhỏ giọt và vòi ngâm có thể được sử dụng để giúp giữ cho tán lá khô. Để kiểm soát tốt nhất, hãy áp dụng thuốc diệt nấm gốc đồng sớm, hai tuần trước khi bệnh thường xuất hiện hoặc khi dự báo thời tiết dự đoán thời tiết ẩm ướt kéo dài. Ngoài ra, bắt đầu điều trị khi bệnh xuất hiện lần đầu tiên và lặp lại sau mỗi 7-10 ngày miễn là cần thiết. Chứa đồng và pyrethrins, Bonide® Garden Dust là một biện pháp kiểm soát an toàn, một bước cho nhiều cuộc tấn công của côn trùng và các vấn đề về nấm. Để có kết quả tốt nhất, hãy phủ cả ngọn và mặt dưới của lá bằng một lớp màng mỏng đồng nhất hoặc bụi. Tùy thuộc vào mật độ tán lá, 10 oz sẽ bao phủ 625 sq ft. Lặp lại các ứng dụng cứ sau 7-10 ngày, khi cần thiết.",https://extension.umn.edu/sites/extension.umn.edu/files/styles/large/public/early-blight-leaf-tomato.jpg?itok=woYQQlrF,
31,Tomato,Bệnh sương mai,"Bệnh sương mai là do oomycete Phytophthora infestans gây ra. Oomycetes là những sinh vật giống nấm còn được gọi là nấm mốc nước, nhưng chúng không phải là nấm thực sự. Có nhiều chủng P. infestans khác nhau. Chúng được gọi là dòng dõi vô tính và được chỉ định bởi một mã số (tức là US-23). Nhiều dòng dõi vô tính ảnh hưởng đến cả cà chua và khoai tây, nhưng một số dòng dõi đặc trưng cho vật chủ này hay vật chủ khác. Bệnh sương mai là một căn bệnh có khả năng tàn phá cà chua và khoai tây, lây nhiễm lá, thân và quả của cây cà chua. Bệnh lây lan nhanh chóng trên các cánh đồng và có thể dẫn đến mất mùa hoàn toàn nếu không được điều trị. Bệnh sương mai của khoai tây là nguyên nhân gây ra nạn đói khoai tây Ailen vào cuối những năm 1840.","Vệ sinh là bước đầu tiên trong việc kiểm soát bệnh sương mai cà chua. Dọn dẹp tất cả các mảnh vụn và trái cây rơi từ khu vực vườn. Điều này đặc biệt cần thiết ở những khu vực ấm hơn, nơi không thể đóng băng kéo dài và bệnh cà chua sương mai có thể đan xen trong quả rụng. Hiện tại, không có giống cà chua nào có khả năng kháng bệnh bạc lá cà chua muộn, vì vậy cây cần được kiểm tra ít nhất hai lần một tuần. Vì các triệu chứng bệnh sương mai có nhiều khả năng xảy ra trong điều kiện ẩm ướt, nên cần cẩn thận hơn trong những thời điểm đó. Đối với người làm vườn tại nhà, thuốc diệt nấm có chứa maneb, mancozeb, chlorothanolil hoặc đồng cố định có thể giúp bảo vệ cây khỏi bệnh bạc lá cà chua muộn. Các ứng dụng lặp đi lặp lại là cần thiết trong suốt mùa sinh trưởng vì bệnh có thể tấn công bất cứ lúc nào. Đối với người làm vườn hữu cơ, có một số sản phẩm đồng cố định được phê duyệt sử dụng; Nếu không, tất cả các cây bị nhiễm bệnh phải được loại bỏ và tiêu hủy ngay lập tức.","https://www.canr.msu.edu/contentAsset/image/e97d1ef0-5b55-49b0-ab4e-c57dcbeca65e/fileAsset/filter/Resize,Jpeg/resize_w/750/jpeg_q/80",
32,Tomato,Nấm mốc lá,"Nấm mốc lá cà chua là một bệnh nấm có thể phát triển khi có thời gian ẩm ướt lá kéo dài và độ ẩm tương đối cao (lớn hơn 85%). Do yêu cầu độ ẩm này, bệnh được nhìn thấy chủ yếu trong các nhà kho và nhà kính. Nấm mốc lá cà chua có thể phát triển trong nhiệt độ đầu mùa xuân (50,9 độ F) hoặc những đặc điểm của mùa hè (90 F). Nhiệt độ tối ưu khuôn lá cà chua là ở những năm 70 thấp.  Các triệu chứng của bệnh bao gồm các đốm vàng ở bề mặt lá phía trên. Các khối bào tử màu xanh ô liu rời rạc có thể được nhìn thấy ở mặt dưới của lá bị ảnh hưởng.","Khi xử lý cây cà chua bằng thuốc diệt nấm, hãy chắc chắn che phủ tất cả các khu vực của cây trên đất, đặc biệt là mặt dưới của lá, nơi bệnh thường hình thành. Thuốc xịt gốc canxi clorua được khuyến cáo để điều trị các vấn đề về nấm mốc lá. Các lựa chọn thuốc diệt nấm hữu cơ cũng có sẵn.",https://www.gardeningknowhow.com/wp-content/uploads/2018/04/tomato-leaf-mold-400x300.jpg,
33,Tomato,Bệnh đốm lá Septoria,"Bệnh đốm lá Septoria là do một loại nấm, Septoria lycopersici gây ra. Đây là một trong những bệnh phá hoại nhất của tán lá cà chua và đặc biệt nghiêm trọng ở những khu vực có thời tiết ẩm ướt, ẩm ướt kéo dài trong thời gian dài. Đốm lá Septoria thường xuất hiện ở lá dưới sau khi bộ quả đầu tiên. Các đốm có hình tròn, đường kính khoảng 1/16 đến 1/4 inch với rìa màu nâu sẫm và trung tâm màu nâu đến xám với cấu trúc quả nhỏ màu đen. Đặc trưng, có nhiều đốm trên lá. Bệnh này lây lan lên từ tăng trưởng già nhất đến trẻ nhất. Nếu tổn thương lá nhiều, lá chuyển sang màu hơi vàng, sau đó màu nâu, và sau đó khô héo. Nhiễm trùng trái cây là rất hiếm.","Loại bỏ lá bệnh.  Cải thiện lưu thông không khí xung quanh cây. Phủ xung quanh gốc cây. Phủ rơm sẽ làm giảm đất bắn tung tóe, có thể chứa bào tử nấm liên quan đến các mảnh vụn. Áp dụng lớp phủ sau khi đất đã ấm lên. Không sử dụng tưới nước trên cao. Tưới nước trên cao tạo điều kiện cho nhiễm trùng và lây lan bệnh. Sử dụng vòi ngâm ở gốc cây để giữ cho tán lá khô. Tưới nước vào đầu ngày. Kiểm soát cỏ dại. Nighthade và horsenettle thường là vật chủ của đốm lá Septoria và nên được diệt trừ xung quanh khu vườn. Sử dụng luân canh cây trồng. Năm tới không trồng cà chua trở lại cùng vị trí nơi cà chua bị bệnh phát triển. Đợi 1 năm2 trước khi trồng lại cà chua ở những khu vực này. Sử dụng thuốc xịt diệt nấm.",https://www.missouribotanicalgarden.org/portals/0/Gardening/Gardening%20Help/images/Pests/Septoria_Leaf_Spot_of_Tomato187.jpg,
34,Tomato,Nhện nhện | Nhện hai đốm,"Nhện nhện hai đốm là loài ve phổ biến nhất tấn công cây rau và trái cây ở New England. Nhện nhện có thể xảy ra trong cà chua, cà tím, khoai tây, cây nho như dưa, dưa chuột và các loại cây trồng khác. Nhện nhện hai đốm là một trong những loài gây hại quan trọng nhất của cà tím. Chúng có tới 20 thế hệ mỗi năm và được ưa chuộng bởi nitơ dư thừa và điều kiện khô và bụi. Sự bùng phát thường được gây ra bởi việc sử dụng thuốc trừ sâu phổ rộng can thiệp vào nhiều kẻ thù tự nhiên giúp quản lý quần thể ve. Như với hầu hết các loài gây hại, bắt vấn đề sớm sẽ có nghĩa là kiểm soát dễ dàng hơn.","Tránh những cánh đồng cỏ dại và không trồng cà tím liền kề với cây họ đậu. Tránh các ứng dụng thuốc trừ sâu đầu mùa, phổ rộng cho các loài gây hại khác. Đừng bón phân quá nhiều. Tưới tiêu trên cao hoặc thời gian mưa kéo dài có thể giúp giảm dân số.",https://entomology.ca.uky.edu/files/styles/panopoly_image_original/public/310a.jpg?itok=XNlP0H9H,
35,Tomato,Điểm mục tiêu,"Bệnh bắt đầu trên lá già và lan lên trên. Dấu hiệu đầu tiên là những đốm có hình dạng không đều (dưới 1 mm) với lề màu vàng . Một số điểm phóng to lên đến 10 mm và hiển thị các vòng đặc điểm, do đó có tên là ""điểm mục tiêu"" . Lây lan sang tất cả các lá chét và sang các lá khác rất nhanh , khiến lá chuyển sang màu vàng, sụp đổ và chết . Các đốm cũng xảy ra trên thân cây. Chúng dài và mỏng. Những đốm nhỏ màu nâu nhạt với rìa tối cũng có thể xảy ra trên quả. Các bào tử được phát tán bởi mưa gió thổi, và nếu thời tiết ẩm ướt gió tiếp tục trong một vài ngày, sự lây lan nhanh chóng và cây mất lá nhanh chóng.","Kiểm soát văn hóa là quan trọng. Những điều sau đây nên được thực hiện: Không trồng cây mới bên cạnh những cây cũ có bệnh. Trồng càng xa đu đủ càng tốt, đặc biệt nếu lá có những đốm góc nhỏ (Ảnh 5). Kiểm tra tất cả các cây con trong vườn ươm, và vứt bỏ bất kỳ cây con nào có đốm lá. Loại bỏ một vài nhánh từ phần dưới của cây để cho phép luồng không khí tốt hơn ở gốc Loại bỏ và đốt lá dưới ngay khi thấy bệnh, đặc biệt là sau khi giàn quả thấp hơn đã được hái. Giữ cho các mảnh đất không có cỏ dại, vì một số có thể là vật chủ của nấm. Không sử dụng nước tưới trên cao; Nếu không, nó sẽ tạo điều kiện cho sản xuất bào tử và nhiễm trùng. Thu thập và đốt càng nhiều cây trồng càng tốt khi thu hoạch hoàn tất. Thực hành luân canh cây trồng, để lại 3 năm trước khi trồng lại cà chua trên cùng một vùng đất.",https://barmac.com.au/wp-content/uploads/sites/3/2016/01/Target-Spot-Tomato1.jpg,
36,Tomato,Virus xoăn lá vàng,"Tomato yellow leaf curl virus là một loài thuộc chi Begomovirus và họ Geminiviridae. Nhiễm vi-rút xoăn lá vàng cà chua (TYLCV) gây ra các triệu chứng nghiêm trọng trên cây cà chua và gây tổn thất năng suất nghiêm trọng trên toàn thế giới. TYLCV được truyền liên tục bởi ruồi trắng khoai lang, Bemisia tabaci (Gennadius). Các giống cây trồng và giống lai với một hoặc một vài gen có khả năng kháng TYLCV thường được trồng để giảm thiểu tổn thất do TYLCV gây ra. Những kiểu gen kháng thuốc này (giống hoặc giống lai) không miễn dịch với TYLCV. Chúng thường bị nhiễm trùng toàn thân, biểu hiện các triệu chứng nhẹ và tạo ra cà chua dễ bán trên thị trường hơn so với các kiểu gen nhạy cảm dưới áp lực TYLCV. Trong một số hệ thống bệnh lý, việc sử dụng rộng rãi các giống kháng bệnh với gen kháng trội duy nhất đã dẫn đến áp lực chọn lọc mạnh mẽ đối với virus, phát triển các chủng có độc lực cao và sự cố kháng thuốc.",Chỉ sử dụng cấy ghép cà chua và hạt tiêu không có vi-rút và ruồi trắng. Cấy ghép nên được điều trị bằng Capture (bifenthrin) hoặc Venom (dinotefuran) cho người lớn ruồi trắng và Oberon cho trứng và nhộng. Imidacloprid hoặc thiamethoxam nên được sử dụng trong các nhà cấy ghép ít nhất bảy ngày trước khi vận chuyển. Imidacloprid nên được phun trên toàn bộ cây và bên dưới lá; Trứng và ruồi thường được tìm thấy bên dưới lá. Xịt mỗi 14-21 ngày và luân phiên hàng tháng với Abamectin để bướm trắng không tích tụ sức đề kháng với hóa chất.,https://gd.eppo.int/media/data/taxon/T/TYLCV0/pics/1024x0/10609.jpg,
37,Tomato,Virus khảm,"Virus khảm cà chua (ToMV) và virus khảm thuốc lá (TMV) rất khó phân biệt. Virus khảm cà chua (ToMV) có thể gây vàng và còi cọc cho cây cà chua dẫn đến mất chân đế và giảm năng suất. ToMV có thể gây ra quả chín không đều, làm giảm năng suất hơn nữa. Virus khảm thuốc lá (TMV) từng được cho là phổ biến hơn trên cà chua.  TMV thường là mầm bệnh thuốc lá hơn là mầm bệnh cà chua. Lốm đốm sáng và màu xanh đậm trên lá. Lá cà chua non có đốm sáng và màu xanh đậm, phát triển còi cọc, lá cuộn tròn và dị dạng. Các triệu chứng vi-rút khảm thuốc lá trên cây giống cà chua Nếu cây bị nhiễm bệnh sớm, chúng có thể xuất hiện màu vàng và còi cọc tổng thể. Lá có thể bị cong, dị dạng hoặc giảm kích thước.","Sử dụng hạt giống sạch bệnh được chứng nhận hoặc xử lý hạt giống của riêng bạn. Ngâm hạt trong dung dịch trisodium phosphate 10% (Na3PO4) trong ít nhất 15 phút. Hoặc làm nóng hạt khô đến 158 ° F và giữ chúng ở nhiệt độ đó trong hai đến bốn ngày. Chỉ mua cấy ghép từ các nguồn có uy tín. Hỏi về các quy trình vệ sinh mà họ sử dụng để ngăn ngừa bệnh tật. Kiểm tra cấy ghép trước khi mua. Chỉ chọn cấy ghép không có triệu chứng rõ ràng. Tránh trồng ở những cánh đồng có mảnh vụn rễ cà chua, vì vi-rút có thể tồn tại lâu dài trong rễ. Rửa tay bằng xà phòng và nước trước và trong quá trình xử lý cây để giảm khả năng lây lan giữa các cây.",http://ucanr.edu/blogs/dirt/blogfiles/71403_original.jpg,
38,Tomato, Healthy,"Bón phân một tuần trước, cũng như vào ngày trồng. Họ đặc biệt yêu thích phốt pho, thúc đẩy sự hình thành hoa và các loại trái cây hoặc rau quả mọc từ chúng. Tránh nitơ cao khi cây cà chua của bạn có hoa vì nó thúc đẩy sự phát triển của cây nho hơn là sự phát triển của quả. Đừng đông cây giống cà chua.Cung cấp nhiều ánh sáng.Làm nóng đất vườn.Chôn thân cây.Phủ cà chua sau khi đất đã ấm lên.Loại bỏ lá phía dưới.Véo và cắt tỉa cho nhiều cà chua hơn.Tưới nước thường xuyên.","Cà chua (Solanum lycopersicum) là một loại trái cây thuộc họ hàng đêm có nguồn gốc từ Nam Mỹ.  Mặc dù thực vật là một loại trái cây, nó thường được ăn và chuẩn bị như một loại rau.  Cà chua là nguồn thực phẩm chính của chất chống oxy hóa lycopene, có liên quan đến nhiều lợi ích sức khỏe, bao gồm giảm nguy cơ mắc bệnh tim và ung thư.  Chúng cũng là một nguồn tuyệt vời của vitamin C, kali, folate và vitamin K.",https://cdn8.dissolve.com/p/D869_27_632/D869_27_632_1200.jpg,
